file,date,date_source,lat,lng,title,caption,who,collection,place
65758832-E5E4-4AD1-9DF9-EC11774AADF7_1_105_c.jpeg,2021-03-27T19:01:27,exif,39.996528,-86.097717,,,,,
8D0ED7D4-A759-45E3-BCD4-0A8CA8F54EFE_1_105_c.jpeg,2021-03-27T19:02:27,exif,39.996403,-86.09755,,,,,
95AA0042-3865-42B6-8EAC-D5C371C1F86F_1_105_c.jpeg,2021-04-03T19:42:51,exif,26.456989,-82.154311,,,,,
128F63BC-820B-43A3-BBFB-5D5422EE9EDE.jpeg,2021-04-09T20:10:26,exif,,,,,,,
70C89FE3-B4EF-497F-9886-FEBD93FDE70F_1_105_c.jpeg,2021-04-26T20:48:33,exif,40.104856,-86.036994,,,,,
9FA1E13B-E3BA-43C4-81D6-2273CC1D0D61_1_105_c.jpeg,2021-05-13T20:37:57,exif,40.008264,-86.085639,,,,,
94D7C4CB-2BBB-401E-962C-0C70C3F3E096_1_105_c.jpeg,2021-05-27T22:10:06,exif,40.400169,-86.872978,,,,,
61652BF6-3A25-4F5E-9126-6ADD67DB8560_1_105_c.jpeg,2021-06-01T21:19:37,exif,39.973481,-86.129342,,,,,
D9483E3C-C125-4BB0-A390-D0EE3B555696_1_105_c.jpeg,2021-06-12T21:29:03,exif,,,,,,,
F43801EB-70A6-4928-A387-816600C08E48.jpeg,2021-06-30T00:00:34,exif,,,,,,,
3E39FF3F-3B6E-43DA-99BD-7290044D6C08_1_105_c.jpeg,2021-07-05T20:49:54,exif,40.104647,-86.034728,,,,,
C23A03B8-5DE5-45EA-94C0-3699DEE59122_1_105_c.jpeg,2021-07-19T23:41:09,exif,,,,,,,
1FBB61DD-FFAF-41E4-A889-C08ABF56E35B_1_105_c.jpeg,2021-08-08T16:38:58,exif,,,,,,,
C7B55D7A-6ACA-4371-B328-262DAB1E53B3_1_105_c.jpeg,2021-09-01T19:07:49,exif,39.977919,-85.963914,,,,,
8F814ECD-BA82-4E25-A1EC-ECCB5B887B67_1_105_c.jpeg,2021-09-03T19:20:37,exif,32.135958,-80.808686,,,,,
1DC653F5-D658-4BD4-8E08-89F68B4977F5_1_105_c.jpeg,2021-09-04T17:15:48,exif,32.137011,-80.812981,,,,,
4BBFA664-8C75-40AB-8726-9B5331D2AE23_1_105_c.jpeg,2021-09-04T19:09:18,exif,32.136539,-80.810617,,,,,
507C8912-6F0A-44EB-A8DF-73C185AEB79E_1_105_c.jpeg,2021-09-17T20:13:24,exif,39.987819,-86.120139,,,,,
395905CC-1B39-4F5F-BDBF-619D147E1BB9_1_105_c.jpeg,2021-09-24T14:41:26,exif,39.987308,-86.119919,,,,,
03CA66A3-8E3D-4979-B040-38E6C244119A_1_105_c.jpeg,2021-09-28T17:07:22,exif,39.983222,-86.119156,,,,,
8242344D-C7D6-421D-B5C1-434BF4CD0E29_1_105_c.jpeg,2021-10-02T16:00:05,exif,,,,,,,
75AF41E1-BE1E-435F-A514-DD7134BBE0B6_1_105_c.jpeg,2021-10-02T16:05:18,exif,,,,,,,
B48F89B7-384D-4BFB-A7DF-C06514D87ADD_1_105_c.jpeg,2021-10-15T20:09:17,exif,,,,,,,
420F572D-3592-4290-94B9-6F5F7749567B.jpeg,2021-10-30T09:31:03,exif,,,,,,,
83EDDCDE-ABFF-4808-8BA7-CE0CDDAF09C6.jpeg,2021-10-30T09:31:17,exif,,,,,,,
9A238CDF-38EA-4B49-8A50-848697593B83_1_105_c.jpeg,2021-11-05T18:09:17,exif,39.972981,-86.1969,,,,,
90725DF2-CF7E-4B65-AA7B-2DEEA624299D_1_105_c.jpeg,2021-11-27T10:41:11,exif,,,,,,,
6814B982-4425-470D-9EA2-CD9FF2024B7B_1_105_c.jpeg,2021-12-31T20:22:10,exif,39.99635,-86.097594,,,,,
64B7476A-B280-482E-A6F3-91254CE50D40_1_105_c.jpeg,2022-03-09T09:11:42,exif,,,,,,,
1293FD87-857C-48E6-B173-EA34B15FCD9B_1_105_c.jpeg,2022-03-09T09:50:01,exif,,,,,,,
FFA5DF00-6F59-4E50-8DAB-7C9CEE15A85A_1_105_c.jpeg,2022-03-11T07:16:58,exif,,,,,,,
C6B1D98D-A2E3-4E8A-BFBD-22405709B71F_1_105_c.jpeg,2022-03-11T07:17:05,exif,,,,,,,
CE64D31D-9DD6-45FC-8A2C-84F72A16D9D2_1_105_c.jpeg,2022-03-11T07:48:07,exif,,,,,,,
40734CA3-B799-4430-85A7-537551AB5F4F_1_105_c.jpeg,2022-03-11T07:48:42,exif,,,,,,,
679029AF-C51A-44CA-9C0C-71F1FD4E3588_1_105_c.jpeg,2022-03-11T21:32:08,exif,,,,,,,
A9A60DE7-CA21-4713-A5B2-D76A375D492F_1_105_c.jpeg,2022-03-11T22:07:15,exif,39.980867,-86.118972,,,,,
7224ACD8-7AF3-462B-B383-9A72FB64E8AB_1_105_c.jpeg,2022-03-11T22:07:49,exif,39.980747,-86.119217,,,,,
97092FD7-F5AF-4EC4-B6EF-DE1AC53F2794_1_105_c.jpeg,2022-03-11T22:08:21,exif,39.980725,-86.119178,,,,,
DD9456A3-5B9F-4CA5-A0F8-8B54AFD76BAD_1_105_c.jpeg,2022-03-11T22:10:32,exif,,,,,,,
4A25D497-0735-4FAF-8E05-88D32E63A571.jpeg,2022-03-11T22:12:22,exif,,,,,,,
66E3F5E3-40AE-4C35-857F-FE4694644D35.jpeg,2022-03-11T23:06:46,exif,,,,,,,
C3B332DD-259D-4174-8F45-392434B2625F_1_105_c.jpeg,2022-03-23T21:33:24,exif,,,,,,,
945E8966-93EE-4601-A1A6-10AD3EC88767_1_105_c.jpeg,2022-04-06T17:36:21,exif,,,,,,,
41FABD71-7EC4-4F55-95C2-F20514969272_1_105_c.jpeg,2022-04-06T17:37:15,exif,,,,,,,
B3A2F201-F5AD-4D4A-AFCF-738E1BB009BA.jpeg,2022-04-06T18:11:19,exif,,,,,,,
4D5806C8-72F2-43EB-9C50-C10260FB47EF_1_105_c.jpeg,2022-04-06T18:16:42,exif,,,,,,,
7E9A9BD4-7D22-4BDA-B40F-B862B8B51C61.jpeg,2022-04-06T18:30:43,exif,,,,,,,
40A372FE-24E6-4CCE-8421-C2756E163251_1_105_c.jpeg,2022-04-06T18:37:18,exif,,,,,,,
8A8D5956-4E03-4969-9A7C-02179ED41E11.jpeg,2022-04-06T18:43:18,exif,,,,,,,
0E14A0FF-2F59-4FFA-A2D2-6505B57CEB7B_1_105_c.jpeg,2022-04-10T18:27:43,exif,40.104647,-86.034714,,,,,
03CD0CAF-FDC8-431A-AD73-FF7029460551_1_105_c.jpeg,2022-04-10T20:20:24,exif,40.104664,-86.034644,,,,,
076AAD31-6327-4E66-8CCB-ED937D3DDBAE_1_105_c.jpeg,2022-04-23T20:03:16,exif,40.104631,-86.034644,,,,,
21B4F741-4016-40BC-BCA8-61B005D1420D_1_105_c.jpeg,2022-04-23T20:04:52,exif,40.104667,-86.034683,,,,,
BFEF1504-10A2-4731-9C25-E1CD071335AF_1_105_c.jpeg,2022-04-23T20:07:15,exif,40.104667,-86.034675,,,,,
91AEB06C-66D2-4C28-898F-D33A86C98BF2_1_105_c.jpeg,2022-04-29T21:15:01,exif,41.220664,-85.865722,,,,,
92D4EF3B-F544-4AF9-BAA0-FB82DB8C8A03_1_105_c.jpeg,2022-04-29T21:18:39,exif,,,,,,,
94DB16FF-3878-451E-97A9-78BA414730D8_1_105_c.jpeg,2022-04-29T21:20:28,exif,,,,,,,
8B17B07D-D0A2-4004-B225-63CFB0B4F678.jpeg,2022-05-02T17:31:34,exif,,,,,,,
FE3F2787-4A0E-4137-AE62-0C685D2C9B81_1_105_c.jpeg,2022-05-07T16:59:11,exif,39.969553,-86.130325,,,,,
E1592361-9946-40CD-B757-E99914C5614D.jpeg,2022-05-07T18:06:15,exif,,,,,,,
87C4EAFF-F596-4142-BF01-6522E01C08EE_1_105_c.jpeg,2022-05-16T12:41:16,exif,39.990589,-86.072175,,,,,
0765BB80-BE74-4CC6-8188-8047E168CF03_1_105_c.jpeg,2022-05-16T13:59:55,exif,39.974758,-86.142175,,,,,
AE344F5A-BE33-4537-AB0B-24CB620651D4_1_105_c.jpeg,2022-05-18T12:34:39,exif,39.972022,-86.100869,,,,,
AF1DAF42-F708-45B5-A6B9-5A8A90815EDB_1_105_c.jpeg,2022-05-18T13:34:56,exif,39.965431,-86.219269,,,,,
2F8AEC77-4BA8-42F9-9720-BCC2EC57CA91.jpeg,2022-05-18T19:08:23,exif,,,,,,,
5550FCA7-9769-40C6-813C-90E2843BDFE4_1_105_c.jpeg,2022-05-19T20:38:54,exif,,,,,,,
147FA6CD-EA8E-4A76-9877-59C2C80C5F59_1_105_c.jpeg,2022-05-19T20:39:07,exif,,,,,,,
58C70331-A3DA-46FB-8810-8876F6CE009F_1_105_c.jpeg,2022-05-19T20:46:39,exif,,,,,,,
78CE1300-0B76-45C4-A714-F68E3D231E43_1_105_c.jpeg,2022-05-19T20:47:09,exif,,,,,,,
A4BD8A60-B1C2-4877-AAA1-3EA34BB94F4C_1_105_c.jpeg,2022-05-19T20:55:19,exif,,,,,,,
FFA98C2C-7D92-4331-A205-6069549F78CD_1_105_c.jpeg,2022-05-19T21:24:59,exif,,,,,,,
A883DA4C-1878-4D6F-A919-3EEDBB34A7F4_1_105_c.jpeg,2022-06-10T19:12:40,exif,39.973081,-86.197211,,,,,
EE0D552C-91A9-4B89-B59E-FFA29A123B2A_1_105_c.jpeg,2022-06-26T19:49:24,exif,26.532731,-80.091003,,,,,
82DA913C-BEB6-41D2-936D-DF4FA038A315_1_105_c.jpeg,2022-07-06T19:12:54,exif,39.714939,-86.297722,,,,,
69967379-3E56-44C3-A252-4A64886E5691_1_105_c.jpeg,2022-08-07T23:23:07,exif,,,,,,,
088A8DD8-FAF1-4B18-8FA1-1EC8CD141E8A_1_105_c.jpeg,2026-09-02T06:16:42,file,,,,,,,
0A2A2E76-7CB9-46FD-B223-4C045CF4462F.jpeg,2026-09-02T06:16:42,file,,,,,,,
18F2B62E-0F7C-4B0D-A90A-CB8E631EC179.jpeg,2026-09-02T06:16:42,file,,,,,,,
1B7364D3-61C7-4DB9-971A-F79E762DD3B3.jpeg,2026-09-02T06:16:42,file,,,,,,,
24432BA2-086E-4AEC-B318-BB2A25510FA8_1_105_c.jpeg,2026-09-02T06:16:42,file,,,,,,,
24DF4E7A-1790-44C0-95BB-4987DE8D4F63.jpeg,2026-09-02T06:16:42,file,,,,,,,
2AFD03CB-8096-42DD-A73C-C81722ECC7B9_1_105_c.jpeg,2026-09-02T06:16:42,file,,,,,,,
3E34E436-7A80-48FC-A3E4-868CC7F87416.jpeg,2026-09-02T06:16:42,file,,,,,,,
44BDCFF7-8C5F-476B-978F-6124054352BD.jpeg,2026-09-02T06:16:42,file,,,,,,,
4B04E812-FE6D-4275-8D3B-2F4889356309_1_105_c.jpeg,2026-09-02T06:16:42,file,,,,,,,
4C4BF480-C7CC-4609-9CB1-8E7A43A51F6C_1_105_c.jpeg,2026-09-02T06:16:42,file,,,,,,,
615A1D2A-CF93-4621-B616-D32565942B39_1_105_c.jpeg,2026-09-02T06:16:42,file,,,,,,,
638920E7-877B-4342-99C1-0C8FC9E225A1.jpeg,2026-09-02T06:16:42,file,,,,,,,
6A496B49-F231-4BD4-9175-E1DF34EE03A1_1_105_c.jpeg,2026-09-02T06:16:42,file,,,,,,,
6CB13DB2-0C79-44D7-B511-6483FA95CA8B_1_105_c.jpeg,2026-09-02T06:16:42,file,,,,,,,
7526FD82-1D04-467F-9F0B-CE51F354249A_1_105_c.jpeg,2026-09-02T06:16:42,file,,,,,,,
75B8BACE-8DF0-485B-973D-85591CAEEB13.jpeg,2026-09-02T06:16:42,file,,,,,,,
781A9249-FB47-4575-8753-6918C51971E5.jpeg,2026-09-02T06:16:42,file,,,,,,,
9611823D-41D1-48A7-83AA-080F53207685_1_105_c.jpeg,2026-09-02T06:16:42,file,,,,,,,
9ADBA019-DC7E-4E9B-9088-FBA155B00607.jpeg,2026-09-02T06:16:42,file,,,,,,,
B331FE16-FAEE-406B-BE38-54003C0A3BD3_1_105_c.jpeg,2026-09-02T06:16:42,file,,,,,,,
B85CDF18-246B-4ECB-BEA3-B3F56F1DBCC7_1_105_c.jpeg,2026-09-02T06:16:42,file,,,,,,,
B975D732-191C-48D7-B35E-ECF4AAC2F95B_1_105_c.jpeg,2026-09-02T06:16:42,file,,,,,,,
BC1B5B0C-1A33-4C66-A05C-6E5509D27F4E.jpeg,2026-09-02T06:16:42,file,,,,,,,
BEED70CB-77FB-4469-8BFD-F07685B20357_4_5005_c.jpeg,2026-09-02T06:16:42,file,,,,,,,
C796BE62-ED23-4B05-B25F-C78F41C2D6AF.jpeg,2026-09-02T06:16:42,file,,,,,,,
F184CBCE-25B0-4F44-8F86-5A87E24845E3_1_201_a.jpeg,2026-09-02T06:16:42,file,,,,,,,
FAEF6BE7-2C46-4EB9-BC50-A01832693492_1_105_c.jpeg,2026-09-02T06:16:42,file,,,,,,,
FD4A9928-32D6-46C5-B1CB-89E687925246_4_5005_c.jpeg,2026-09-02T06:16:42,file,,,,,,,
